Trajectory,Class ID,Object Name,Confidence,Distance,X1,Y1,X2,Y2
Straight Track,6.0,train,0.5089645981788635,1340.267578125,715.572021484375,1675.673583984375,960.7109985351562,62.56663232308396
