Class ID,Object Name,Confidence,X1,Y1,X2,Y2
5.0,bus,0.8705449104309082,17.28569984436035,230.59217834472656,801.5182495117188,768.40576171875
0.0,person,0.8689801692962646,48.73948287963867,399.2640075683594,244.50169372558594,902.501220703125
0.0,person,0.8536038398742676,670.2693481445312,380.2840576171875,809.858154296875,875.6908569335938
0.0,person,0.8193053007125854,221.39378356933594,405.791748046875,344.7172546386719,857.3920288085938
11.0,stop sign,0.34606829285621643,0.06434082984924316,254.6444549560547,32.288455963134766,325.0392761230469
0.0,person,0.3012944757938385,0.0,551.0079956054688,67.10496520996094,873.9356079101562
