Class ID,Object Name,Confidence,X1,Y1,X2,Y2
6.0,train,0.5089632868766785,1340.2677001953125,715.5720825195312,1675.67333984375,960.7111206054688,49.168419816441165
