Class ID,Object Name,Confidence,X1,Y1,X2,Y2,Distance
6.0,train,0.771957278251648,863.2271118164062,455.51129150390625,1072.704833984375,621.3013916015625,55.307571622205316
