Class ID,Object Name,Confidence,X1,Y1,X2,Y2
6.0,train,0.7879337072372437,524.7147216796875,299.0667724609375,1027.7330322265625,448.28936767578125
